{"no_adapt_on_src": {"mean": 76.6509997844696, "std": 0.3013466134524794}, "no_adapt_on_trg": {"mean": 66.82719945907593, "std": 2.004859070453536}, "oracle_on_trg_imprv": {"mean": 84.92720007896423, "std": 0.5902684544020658}, "grad_self_train_imprv": {"mean": 2.473599910736084, "std": 3.3047560720594165}, "trg_self_train_imprv": {"mean": 2.969599962234497, "std": 1.9308598113306397}, "all_self_train_imprv": {"mean": 1.5656018257141113, "std": 2.331237815703832}, "best_trg_self_train_imprv": {"mean": 3.262399435043335, "std": 1.6698185623775263}, "best_all_self_train_imprv": {"mean": 2.1368002891540527, "std": 1.896657122872407}}