{"no_adapt_on_src": {"mean": 76.32300019264221, "std": 0.42238564133346185}, "no_adapt_on_trg": {"mean": 67.61759996414185, "std": 1.417670200357625}, "oracle_on_trg_imprv": {"mean": 84.1976010799408, "std": 0.5106297766393995}, "grad_self_train_imprv": {"mean": 1.5368008613586426, "std": 3.240299113966432}, "trg_self_train_imprv": {"mean": 1.7632007598876953, "std": 1.9568834753824276}, "all_self_train_imprv": {"mean": 2.028799057006836, "std": 1.1088697896031883}, "best_trg_self_train_imprv": {"mean": 2.5935983657836914, "std": 1.6665042583603826}, "best_all_self_train_imprv": {"mean": 2.4872004985809326, "std": 1.0360136678233192}}