{"no_adapt_on_src": {"mean": 83.10850024223328, "std": 0.1981647856130045}, "no_adapt_on_trg": {"mean": 69.98560070991516, "std": 3.4389532703122714}, "oracle_on_trg": {"mean": 74.235999584198, "std": 2.2869542368490885}, "grad_self_train": {"mean": 73.853600025177, "std": 2.1696844085280986}, "trg_self_train": {"mean": 73.50240111351013, "std": 1.4193846071943106}, "all_self_train": {"mean": 71.80639982223511, "std": 1.8946292691490592}, "best_trg_self_train": {"mean": 73.94800066947937, "std": 1.441909839214004}, "best_all_self_train": {"mean": 73.36559772491455, "std": 1.137570124746962}}