{"no_adapt_on_src": {"mean": 76.32300019264221, "std": 0.42238564133346185}, "no_adapt_on_trg": {"mean": 67.61759996414185, "std": 1.417670200357625}, "oracle_on_trg": {"mean": 84.1976010799408, "std": 0.5106297766393995}, "grad_self_train": {"mean": 69.15440082550049, "std": 3.1780492437795247}, "trg_self_train": {"mean": 69.38080072402954, "std": 2.7408056426650527}, "all_self_train": {"mean": 69.64639902114868, "std": 2.2091800688750167}, "best_trg_self_train": {"mean": 70.21119832992554, "std": 2.5047775367960354}, "best_all_self_train": {"mean": 70.10480046272278, "std": 2.164172157993034}}