{"no_adapt_on_src": {"mean": 76.6509997844696, "std": 0.3013466134524794}, "no_adapt_on_trg": {"mean": 66.82719945907593, "std": 2.004859070453536}, "oracle_on_trg": {"mean": 84.92720007896423, "std": 0.5902684544020658}, "grad_self_train": {"mean": 69.30079936981201, "std": 1.8598359109037603}, "trg_self_train": {"mean": 69.79679942131042, "std": 2.4030683298760267}, "all_self_train": {"mean": 68.39280128479004, "std": 3.0627213641264865}, "best_trg_self_train": {"mean": 70.08959889411926, "std": 2.2495764085952166}, "best_all_self_train": {"mean": 68.96399974822998, "std": 2.9597977704735188}}