{"no_adapt_on_src": {"mean": 83.54449987411499, "std": 0.2604076851836568}, "no_adapt_on_trg": {"mean": 70.49839854240417, "std": 2.454782084403501}, "oracle_on_trg_imprv": {"mean": 56.4359986782074, "std": 2.5330463701469825}, "grad_self_train_imprv": {"mean": -2.783198356628418, "std": 2.418542124897126}, "trg_self_train_imprv": {"mean": 0.21760106086730957, "std": 1.114954881703851}, "all_self_train_imprv": {"mean": 0.3088033199310303, "std": 1.8963541906197428}, "best_trg_self_train_imprv": {"mean": 1.116800308227539, "std": 0.8027325802653227}, "best_all_self_train_imprv": {"mean": 1.4152026176452637, "std": 1.7062334551588612}}