{"no_adapt_on_src": {"mean": 83.54449987411499, "std": 0.2604076851836568}, "no_adapt_on_trg": {"mean": 70.49839854240417, "std": 2.454782084403501}, "oracle_on_trg": {"mean": 56.4359986782074, "std": 2.5330463701469825}, "grad_self_train": {"mean": 67.71520018577576, "std": 0.9461908721841031}, "trg_self_train": {"mean": 70.71599960327148, "std": 1.8635187907315687}, "all_self_train": {"mean": 70.8072018623352, "std": 0.7806385175455105}, "best_trg_self_train": {"mean": 71.61519885063171, "std": 1.9203504769378048}, "best_all_self_train": {"mean": 71.91360116004944, "std": 1.114788829442112}}