{"no_adapt_on_src": {"mean": 83.10850024223328, "std": 0.1981647856130045}, "no_adapt_on_trg": {"mean": 69.98560070991516, "std": 3.4389532703122714}, "oracle_on_trg_imprv": {"mean": 74.235999584198, "std": 2.2869542368490885}, "grad_self_train_imprv": {"mean": 3.867999315261841, "std": 2.9122374301788025}, "trg_self_train_imprv": {"mean": 3.5168004035949707, "std": 2.5264155817660585}, "all_self_train_imprv": {"mean": 1.8207991123199463, "std": 3.3860056650432044}, "best_trg_self_train_imprv": {"mean": 3.962399959564209, "std": 2.3144757846159374}, "best_all_self_train_imprv": {"mean": 3.3799970149993896, "std": 2.4119541363065866}}