{"no_adapt_on_src": {"mean": 97.89999723434448, "std": 0.0}, "no_adapt_on_trg": {"mean": 16.300000250339508, "std": 0.0}, "oracle_on_trg_imprv": {"mean": 95.49999833106995, "std": 0.0}, "grad_self_train_imprv": {"mean": 56.950001418590546, "std": 0.0}, "trg_self_train_imprv": {"mean": 0.049999356269836426, "std": 0.0}, "all_self_train_imprv": {"mean": 0.20000040531158447, "std": 0.0}, "best_trg_self_train_imprv": {"mean": 0.39999932050704956, "std": 0.0}, "best_all_self_train_imprv": {"mean": 0.6999999284744263, "std": 0.0}}