{"no_adapt_on_src": {"mean": 86.71999931335449, "std": 0.22020924805987746}, "no_adapt_on_trg": {"mean": 19.48999971151352, "std": 1.1732437809853675}, "oracle_on_trg_imprv": {"mean": 83.70000123977661, "std": 0.4722041069122538}, "grad_self_train_imprv": {"mean": 29.19999986886978, "std": 2.5876221701318447}, "trg_self_train_imprv": {"mean": 1.170000433921814, "std": 0.91784511733335}, "all_self_train_imprv": {"mean": 2.0100000500679016, "std": 0.8548935911743402}, "best_trg_self_train_imprv": {"mean": 1.820000410079956, "std": 0.7490082341996356}, "best_all_self_train_imprv": {"mean": 2.510000169277191, "std": 0.7536181992222406}}