{"no_adapt_on_src": {"mean": 86.71999931335449, "std": 0.22020924805987746}, "no_adapt_on_trg": {"mean": 19.48999971151352, "std": 1.1732437809853675}, "oracle_on_trg": {"mean": 83.70000123977661, "std": 0.4722041069122538}, "grad_self_train": {"mean": 48.6899995803833, "std": 3.204112158020284}, "trg_self_train": {"mean": 20.660000145435333, "std": 0.7636060046437508}, "all_self_train": {"mean": 21.49999976158142, "std": 1.3120873183842805}, "best_trg_self_train": {"mean": 21.310000121593475, "std": 0.8705765214222402}, "best_all_self_train": {"mean": 21.99999988079071, "std": 1.1818840244252065}}