{"no_adapt_on_src": {"mean": 98.19999933242798, "std": 0.0}, "no_adapt_on_trg": {"mean": 15.299999713897705, "std": 0.0}, "oracle_on_trg": {"mean": 95.49999833106995, "std": 0.0}, "grad_self_train": {"mean": 63.599997758865356, "std": 0.0}, "trg_self_train": {"mean": 15.850000083446503, "std": 0.0}, "all_self_train": {"mean": 15.299999713897705, "std": 0.0}, "best_trg_self_train": {"mean": 15.999999642372131, "std": 0.0}, "best_all_self_train": {"mean": 15.549999475479126, "std": 0.0}}