{"no_adapt_on_src": {"mean": 97.79999852180481, "std": 0.0}, "no_adapt_on_trg": {"mean": 31.150001287460327, "std": 0.0}, "oracle_on_trg": {"mean": 96.14999890327454, "std": 0.0}, "grad_self_train": {"mean": 88.24999928474426, "std": 0.0}, "trg_self_train": {"mean": 30.149999260902405, "std": 0.0}, "all_self_train": {"mean": 34.65000092983246, "std": 0.0}, "best_trg_self_train": {"mean": 30.799999833106995, "std": 0.0}, "best_all_self_train": {"mean": 34.65000092983246, "std": 0.0}}