{"no_adapt_on_src": {"mean": 98.19999933242798, "std": 0.0}, "no_adapt_on_trg": {"mean": 15.299999713897705, "std": 0.0}, "oracle_on_trg_imprv": {"mean": 95.49999833106995, "std": 0.0}, "grad_self_train_imprv": {"mean": 48.29999804496765, "std": 0.0}, "trg_self_train_imprv": {"mean": 0.5500003695487976, "std": 0.0}, "all_self_train_imprv": {"mean": 0.0, "std": 0.0}, "best_trg_self_train_imprv": {"mean": 0.6999999284744263, "std": 0.0}, "best_all_self_train_imprv": {"mean": 0.2499997615814209, "std": 0.0}}