{"no_adapt_on_src": {"mean": 98.00000190734863, "std": 0.0}, "no_adapt_on_trg": {"mean": 14.100000262260437, "std": 0.0}, "oracle_on_trg": {"mean": 95.85000276565552, "std": 0.0}, "grad_self_train": {"mean": 59.20000076293945, "std": 0.0}, "trg_self_train": {"mean": 13.199999928474426, "std": 0.0}, "all_self_train": {"mean": 12.749999761581421, "std": 0.0}, "best_trg_self_train": {"mean": 13.650000095367432, "std": 0.0}, "best_all_self_train": {"mean": 13.40000033378601, "std": 0.0}}