{"no_adapt_on_src": {"mean": 97.89999723434448, "std": 0.0}, "no_adapt_on_trg": {"mean": 31.749999523162842, "std": 0.0}, "oracle_on_trg": {"mean": 95.89999914169312, "std": 0.0}, "grad_self_train": {"mean": 90.14999866485596, "std": 0.0}, "trg_self_train": {"mean": 32.350000739097595, "std": 0.0}, "all_self_train": {"mean": 33.95000100135803, "std": 0.0}, "best_trg_self_train": {"mean": 33.30000042915344, "std": 0.0}, "best_all_self_train": {"mean": 34.85000133514404, "std": 0.0}}