{"no_adapt_on_src": {"mean": 98.19999933242798, "std": 0.0}, "no_adapt_on_trg": {"mean": 33.70000123977661, "std": 0.0}, "oracle_on_trg_imprv": {"mean": 94.80000138282776, "std": 0.0}, "grad_self_train_imprv": {"mean": -21.250001341104507, "std": 0.0}, "trg_self_train_imprv": {"mean": 2.4499982595443726, "std": 0.0}, "all_self_train_imprv": {"mean": 1.7499983310699463, "std": 0.0}, "best_trg_self_train_imprv": {"mean": 2.799999713897705, "std": 0.0}, "best_all_self_train_imprv": {"mean": 1.7499983310699463, "std": 0.0}}