{"no_adapt_on_src": {"mean": 98.00000190734863, "std": 0.0}, "no_adapt_on_trg": {"mean": 15.950000286102295, "std": 0.0}, "oracle_on_trg": {"mean": 95.89999914169312, "std": 0.0}, "grad_self_train": {"mean": 67.69999861717224, "std": 0.0}, "trg_self_train": {"mean": 16.4000004529953, "std": 0.0}, "all_self_train": {"mean": 15.199999511241913, "std": 0.0}, "best_trg_self_train": {"mean": 16.599999368190765, "std": 0.0}, "best_all_self_train": {"mean": 15.800000727176666, "std": 0.0}}