{"no_adapt_on_src": {"mean": 97.89999723434448, "std": 0.0}, "no_adapt_on_trg": {"mean": 16.300000250339508, "std": 0.0}, "oracle_on_trg": {"mean": 95.49999833106995, "std": 0.0}, "grad_self_train": {"mean": 73.25000166893005, "std": 0.0}, "trg_self_train": {"mean": 16.349999606609344, "std": 0.0}, "all_self_train": {"mean": 16.500000655651093, "std": 0.0}, "best_trg_self_train": {"mean": 16.699999570846558, "std": 0.0}, "best_all_self_train": {"mean": 17.000000178813934, "std": 0.0}}