{"no_adapt_on_src": {"mean": 98.19999933242798, "std": 0.0}, "no_adapt_on_trg": {"mean": 33.70000123977661, "std": 0.0}, "oracle_on_trg": {"mean": 94.80000138282776, "std": 0.0}, "grad_self_train": {"mean": 12.449999898672104, "std": 0.0}, "trg_self_train": {"mean": 36.149999499320984, "std": 0.0}, "all_self_train": {"mean": 35.44999957084656, "std": 0.0}, "best_trg_self_train": {"mean": 36.500000953674316, "std": 0.0}, "best_all_self_train": {"mean": 35.44999957084656, "std": 0.0}}