{"no_adapt_on_src": {"mean": 98.00000190734863, "std": 0.0}, "no_adapt_on_trg": {"mean": 34.00000035762787, "std": 0.0}, "oracle_on_trg": {"mean": 94.40000057220459, "std": 0.0}, "grad_self_train": {"mean": 12.049999833106995, "std": 0.0}, "trg_self_train": {"mean": 35.69999933242798, "std": 0.0}, "all_self_train": {"mean": 36.30000054836273, "std": 0.0}, "best_trg_self_train": {"mean": 36.399999260902405, "std": 0.0}, "best_all_self_train": {"mean": 36.84999942779541, "std": 0.0}}