{"no_adapt_on_src": {"mean": 97.60000109672546, "std": 0.0}, "no_adapt_on_trg": {"mean": 32.85000026226044, "std": 0.0}, "oracle_on_trg_imprv": {"mean": 94.70000267028809, "std": 0.0}, "grad_self_train_imprv": {"mean": -20.000000298023224, "std": 0.0}, "trg_self_train_imprv": {"mean": 1.600000262260437, "std": 0.0}, "all_self_train_imprv": {"mean": 1.600000262260437, "std": 0.0}, "best_trg_self_train_imprv": {"mean": 1.6999989748001099, "std": 0.0}, "best_all_self_train_imprv": {"mean": 1.6499996185302734, "std": 0.0}}