{"no_adapt_on_src": {"mean": 98.00000190734863, "std": 0.0}, "no_adapt_on_trg": {"mean": 34.00000035762787, "std": 0.0}, "oracle_on_trg_imprv": {"mean": 94.40000057220459, "std": 0.0}, "grad_self_train_imprv": {"mean": -21.950000524520874, "std": 0.0}, "trg_self_train_imprv": {"mean": 1.6999989748001099, "std": 0.0}, "all_self_train_imprv": {"mean": 2.3000001907348633, "std": 0.0}, "best_trg_self_train_imprv": {"mean": 2.399998903274536, "std": 0.0}, "best_all_self_train_imprv": {"mean": 2.8499990701675415, "std": 0.0}}