{"no_adapt_on_src": {"mean": 97.89999723434448, "std": 0.0}, "no_adapt_on_trg": {"mean": 29.15000021457672, "std": 0.0}, "oracle_on_trg": {"mean": 95.89999914169312, "std": 0.0}, "grad_self_train": {"mean": 88.49999904632568, "std": 0.0}, "trg_self_train": {"mean": 30.799999833106995, "std": 0.0}, "all_self_train": {"mean": 33.000001311302185, "std": 0.0}, "best_trg_self_train": {"mean": 31.65000081062317, "std": 0.0}, "best_all_self_train": {"mean": 33.84999930858612, "std": 0.0}}