{"no_adapt_on_src": {"mean": 97.79999852180481, "std": 0.0}, "no_adapt_on_trg": {"mean": 31.150001287460327, "std": 0.0}, "oracle_on_trg_imprv": {"mean": 96.14999890327454, "std": 0.0}, "grad_self_train_imprv": {"mean": 57.099997997283936, "std": 0.0}, "trg_self_train_imprv": {"mean": -1.0000020265579224, "std": 0.0}, "all_self_train_imprv": {"mean": 3.4999996423721313, "std": 0.0}, "best_trg_self_train_imprv": {"mean": -0.3500014543533325, "std": 0.0}, "best_all_self_train_imprv": {"mean": 3.4999996423721313, "std": 0.0}}