{"no_adapt_on_src": {"mean": 97.60000109672546, "std": 0.0}, "no_adapt_on_trg": {"mean": 31.949999928474426, "std": 0.0}, "oracle_on_trg": {"mean": 94.65000033378601, "std": 0.0}, "grad_self_train": {"mean": 12.349999696016312, "std": 0.0}, "trg_self_train": {"mean": 32.89999961853027, "std": 0.0}, "all_self_train": {"mean": 33.399999141693115, "std": 0.0}, "best_trg_self_train": {"mean": 33.50000083446503, "std": 0.0}, "best_all_self_train": {"mean": 33.799999952316284, "std": 0.0}}