{"no_adapt_on_src": {"mean": 96.79999947547913, "std": 0.0}, "no_adapt_on_trg": {"mean": 29.750001430511475, "std": 0.0}, "oracle_on_trg_imprv": {"mean": 96.10000252723694, "std": 0.0}, "grad_self_train_imprv": {"mean": 61.04999780654907, "std": 0.0}, "trg_self_train_imprv": {"mean": -0.20000040531158447, "std": 0.0}, "all_self_train_imprv": {"mean": 3.049999475479126, "std": 0.0}, "best_trg_self_train_imprv": {"mean": 0.7499992847442627, "std": 0.0}, "best_all_self_train_imprv": {"mean": 3.849998116493225, "std": 0.0}}