{"no_adapt_on_src": {"mean": 97.60000109672546, "std": 0.0}, "no_adapt_on_trg": {"mean": 33.19999873638153, "std": 0.0}, "oracle_on_trg_imprv": {"mean": 94.74999904632568, "std": 0.0}, "grad_self_train_imprv": {"mean": -22.24999889731407, "std": 0.0}, "trg_self_train_imprv": {"mean": 2.400001883506775, "std": 0.0}, "all_self_train_imprv": {"mean": 1.850000023841858, "std": 0.0}, "best_trg_self_train_imprv": {"mean": 3.0500024557113647, "std": 0.0}, "best_all_self_train_imprv": {"mean": 2.2000014781951904, "std": 0.0}}