{"no_adapt_on_src": {"mean": 97.89999723434448, "std": 0.0}, "no_adapt_on_trg": {"mean": 29.15000021457672, "std": 0.0}, "oracle_on_trg_imprv": {"mean": 95.89999914169312, "std": 0.0}, "grad_self_train_imprv": {"mean": 59.34999883174896, "std": 0.0}, "trg_self_train_imprv": {"mean": 1.6499996185302734, "std": 0.0}, "all_self_train_imprv": {"mean": 3.850001096725464, "std": 0.0}, "best_trg_self_train_imprv": {"mean": 2.5000005960464478, "std": 0.0}, "best_all_self_train_imprv": {"mean": 4.699999094009399, "std": 0.0}}