{"no_adapt_on_src": {"mean": 98.00000190734863, "std": 0.0}, "no_adapt_on_trg": {"mean": 15.950000286102295, "std": 0.0}, "oracle_on_trg_imprv": {"mean": 95.89999914169312, "std": 0.0}, "grad_self_train_imprv": {"mean": 51.749998331069946, "std": 0.0}, "trg_self_train_imprv": {"mean": 0.45000016689300537, "std": 0.0}, "all_self_train_imprv": {"mean": -0.7500007748603821, "std": 0.0}, "best_trg_self_train_imprv": {"mean": 0.6499990820884705, "std": 0.0}, "best_all_self_train_imprv": {"mean": -0.14999955892562866, "std": 0.0}}