{"no_adapt_on_src": {"mean": 96.79999947547913, "std": 0.0}, "no_adapt_on_trg": {"mean": 29.750001430511475, "std": 0.0}, "oracle_on_trg": {"mean": 96.10000252723694, "std": 0.0}, "grad_self_train": {"mean": 90.79999923706055, "std": 0.0}, "trg_self_train": {"mean": 29.55000102519989, "std": 0.0}, "all_self_train": {"mean": 32.8000009059906, "std": 0.0}, "best_trg_self_train": {"mean": 30.500000715255737, "std": 0.0}, "best_all_self_train": {"mean": 33.5999995470047, "std": 0.0}}