{"no_adapt_on_src": {"mean": 97.89999723434448, "std": 0.0}, "no_adapt_on_trg": {"mean": 31.749999523162842, "std": 0.0}, "oracle_on_trg_imprv": {"mean": 95.89999914169312, "std": 0.0}, "grad_self_train_imprv": {"mean": 58.399999141693115, "std": 0.0}, "trg_self_train_imprv": {"mean": 0.6000012159347534, "std": 0.0}, "all_self_train_imprv": {"mean": 2.2000014781951904, "std": 0.0}, "best_trg_self_train_imprv": {"mean": 1.5500009059906006, "std": 0.0}, "best_all_self_train_imprv": {"mean": 3.100001811981201, "std": 0.0}}