{"no_adapt_on_src": {"mean": 97.60000109672546, "std": 0.0}, "no_adapt_on_trg": {"mean": 32.85000026226044, "std": 0.0}, "oracle_on_trg": {"mean": 94.70000267028809, "std": 0.0}, "grad_self_train": {"mean": 12.849999964237213, "std": 0.0}, "trg_self_train": {"mean": 34.450000524520874, "std": 0.0}, "all_self_train": {"mean": 34.450000524520874, "std": 0.0}, "best_trg_self_train": {"mean": 34.54999923706055, "std": 0.0}, "best_all_self_train": {"mean": 34.49999988079071, "std": 0.0}}