{"no_adapt_on_src": {"mean": 97.79999852180481, "std": 0.0}, "no_adapt_on_trg": {"mean": 30.649998784065247, "std": 0.0}, "oracle_on_trg": {"mean": 95.89999914169312, "std": 0.0}, "grad_self_train": {"mean": 83.70000123977661, "std": 0.0}, "trg_self_train": {"mean": 31.25, "std": 0.0}, "all_self_train": {"mean": 33.000001311302185, "std": 0.0}, "best_trg_self_train": {"mean": 31.549999117851257, "std": 0.0}, "best_all_self_train": {"mean": 33.50000083446503, "std": 0.0}}