{"no_adapt_on_src": {"mean": 97.60000109672546, "std": 0.0}, "no_adapt_on_trg": {"mean": 31.949999928474426, "std": 0.0}, "oracle_on_trg_imprv": {"mean": 94.65000033378601, "std": 0.0}, "grad_self_train_imprv": {"mean": -19.600000232458115, "std": 0.0}, "trg_self_train_imprv": {"mean": 0.9499996900558472, "std": 0.0}, "all_self_train_imprv": {"mean": 1.449999213218689, "std": 0.0}, "best_trg_self_train_imprv": {"mean": 1.5500009059906006, "std": 0.0}, "best_all_self_train_imprv": {"mean": 1.850000023841858, "std": 0.0}}