{"no_adapt_on_src": {"mean": 98.1000006198883, "std": 0.0}, "no_adapt_on_trg": {"mean": 15.700000524520874, "std": 0.0}, "oracle_on_trg": {"mean": 95.6499993801117, "std": 0.0}, "grad_self_train": {"mean": 71.70000076293945, "std": 0.0}, "trg_self_train": {"mean": 15.399999916553497, "std": 0.0}, "all_self_train": {"mean": 15.399999916553497, "std": 0.0}, "best_trg_self_train": {"mean": 15.850000083446503, "std": 0.0}, "best_all_self_train": {"mean": 15.50000011920929, "std": 0.0}}