{"no_adapt_on_src": {"mean": 97.60000109672546, "std": 0.0}, "no_adapt_on_trg": {"mean": 33.19999873638153, "std": 0.0}, "oracle_on_trg": {"mean": 94.74999904632568, "std": 0.0}, "grad_self_train": {"mean": 10.949999839067459, "std": 0.0}, "trg_self_train": {"mean": 35.600000619888306, "std": 0.0}, "all_self_train": {"mean": 35.04999876022339, "std": 0.0}, "best_trg_self_train": {"mean": 36.250001192092896, "std": 0.0}, "best_all_self_train": {"mean": 35.40000021457672, "std": 0.0}}