{"no_adapt_on_src": {"mean": 98.1000006198883, "std": 0.0}, "no_adapt_on_trg": {"mean": 15.700000524520874, "std": 0.0}, "oracle_on_trg_imprv": {"mean": 95.6499993801117, "std": 0.0}, "grad_self_train_imprv": {"mean": 56.00000023841858, "std": 0.0}, "trg_self_train_imprv": {"mean": -0.3000006079673767, "std": 0.0}, "all_self_train_imprv": {"mean": -0.3000006079673767, "std": 0.0}, "best_trg_self_train_imprv": {"mean": 0.14999955892562866, "std": 0.0}, "best_all_self_train_imprv": {"mean": -0.20000040531158447, "std": 0.0}}