{"no_adapt_on_src": {"mean": 98.00000190734863, "std": 0.0}, "no_adapt_on_trg": {"mean": 14.100000262260437, "std": 0.0}, "oracle_on_trg_imprv": {"mean": 95.85000276565552, "std": 0.0}, "grad_self_train_imprv": {"mean": 45.100000500679016, "std": 0.0}, "trg_self_train_imprv": {"mean": -0.9000003337860107, "std": 0.0}, "all_self_train_imprv": {"mean": -1.3500005006790161, "std": 0.0}, "best_trg_self_train_imprv": {"mean": -0.45000016689300537, "std": 0.0}, "best_all_self_train_imprv": {"mean": -0.6999999284744263, "std": 0.0}}