{"no_adapt_on_src": {"mean": 97.79999852180481, "std": 0.0}, "no_adapt_on_trg": {"mean": 30.649998784065247, "std": 0.0}, "oracle_on_trg_imprv": {"mean": 95.89999914169312, "std": 0.0}, "grad_self_train_imprv": {"mean": 53.050002455711365, "std": 0.0}, "trg_self_train_imprv": {"mean": 0.6000012159347534, "std": 0.0}, "all_self_train_imprv": {"mean": 2.3500025272369385, "std": 0.0}, "best_trg_self_train_imprv": {"mean": 0.9000003337860107, "std": 0.0}, "best_all_self_train_imprv": {"mean": 2.8500020503997803, "std": 0.0}}